,email,address,real_email,real_address,email_shifted_language,address_shifted_language
0,vaeqbt52@symux.oay,Ьмбшмщъоэцфх ысь.р.37 цо.399,joseph52@gmail.com,Рахмановский пер.д.37 кв.399,mnopqrstuvwxyzabcdefghijkl,мнопрстуфхцчшщъыьэюяабвгдежзийкл
1,zxtwc.hxcrtgt@vbpxa.rdb,юя. № 4914у.14 щс.284,kiehn.sincere@gmail.com,пр. № 4914д.14 кв.284,pqrstuvwxyzabcdefghijklmno,прстуфхцчшщъыьэюяабвгдежзийклмно
2,zgzxov.cdgg@ojmkct.xjh,2-ф Дгяегчжяхф иа.щ.73 яч.70,electa.hill@torphy.com,2-я Покровская ул.д.73 кв.70,vwxyzabcdefghijklmnopqrstu,хцчшщъыьэюяабвгдежзийклмнопрстуф
3,yohflz@nsvcly.jvt,87-р су УСЗЛл.16 сй.158,rhayes@glover.com,87-й км МКАДд.16 кв.158,hijklmnopqrstuvwxyzabcdefg,зийклмнопрстуфхцчшщъыьэюяабвгдеж
4,wfiu.cvsjrtb@yreu.tfd,1-ъ Васвяюсьщуыяувыщъ ацб.х.35 ыу.167,ford.lebsack@hand.com,1-й Спасоналивковский пер.д.35 кв.167,rstuvwxyzabcdefghijklmnopq,стуфхцчшщъыьэюяабвгдежзийклмнопр
5,rnpfdqf56@mtyrfnq.htr,шр. Межуручбкй.32 пз.476,mikayla56@hotmail.com,ул. Заболотьед.32 кв.476,fghijklmnopqrstuvwxyzabcde,ежзийклмнопрстуфхцчшщъыьэюяабвгд
6,ypobnct.qdnat@vddslxc.dgv,Адэуьфьащчш бвю.у.37 щс.368,jazmyne.boyle@goodwin.org,Сходненский туп.д.37 кв.368,pqrstuvwxyzabcdefghijklmno,прстуфхцчшщъыьэюяабвгдежзийклмно
7,rpqnsl@bnxtep.htr,Ьужучузцпед шр.й.57 пз.41,mkling@wisozk.com,Чоботовская ул.д.57 кв.41,fghijklmnopqrstuvwxyzabcde,ежзийклмнопрстуфхцчшщъыьэюяабвгд
8,pujggck@zglesad.uge,Баэчфтс еэ.ц.68 ьф.257,xcrooks@hotmail.com,Полевая ул.д.68 кв.257,stuvwxyzabcdefghijklmnopqr,туфхцчшщъыьэюяабвгдежзийклмнопрс
9,mzqjmzbw.tqvl@ouiqt.kwu,Иугфцки ыу.м.76 тк.49,eriberto.lind@gmail.com,Алымова ул.д.76 кв.49,ijklmnopqrstuvwxyzabcdefgh,ийклмнопрстуфхцчшщъыьэюяабвгдежз
